mc,E,M,Cv,chi
              1,-8,12,256,16
2,-4,10,272,20
3,-2.6666667,9.3333333,270.22222,19.555556
4,-2,9,268,19
5,-1.6,8.8,266.24,18.56
6,-1.3333333,8.6666667,264.88889,18.222222
7,-1.1428571,8.5714286,263.83673,17.959184
8,-1,8.5,263,17.75
9,-0.88888889,8.4444444,262.32099,17.580247
10,-0.8,8.4,261.76,17.44
11,-0.72727273,8.3636364,261.28926,17.322314
12,-0.66666667,8.3333333,260.88889,17.222222
13,-0.61538462,8.3076923,260.54438,17.136095
14,-0.57142857,8.2857143,260.2449,17.061224
15,-0.53333333,8.2666667,259.98222,16.995556
16,-0.5,8.25,259.75,16.9375
17,-0.47058824,8.2352941,259.54325,16.885813
18,-0.44444444,8.2222222,259.35802,16.839506
19,-0.42105263,8.2105263,259.19114,16.797784
20,-0.4,8.2,259.04,16.76
21,-0.38095238,8.1904762,258.90249,16.725624
22,-0.36363636,8.1818182,258.77686,16.694215
23,-0.34782609,8.173913,258.66163,16.665406
24,-0.33333333,8.1666667,258.55556,16.638889
25,-0.32,8.16,258.4576,16.6144
26,-0.30769231,8.1538462,258.36686,16.591716
27,-0.2962963,8.1481481,258.28258,16.570645
28,-0.28571429,8.1428571,258.20408,16.55102
29,-0.27586207,8.137931,258.1308,16.532699
30,-0.26666667,8.1333333,258.06222,16.515556
31,-0.25806452,8.1290323,257.99792,16.49948
32,-0.25,8.125,257.9375,16.484375
33,-0.24242424,8.1212121,257.88062,16.470156
34,-0.23529412,8.1176471,257.82699,16.456747
35,-0.22857143,8.1142857,257.77633,16.444082
36,-0.22222222,8.1111111,257.7284,16.432099
37,-0.21621622,8.1081081,257.68298,16.420745
38,-0.21052632,8.1052632,257.63989,16.409972
39,-0.20512821,8.1025641,257.59895,16.399737
40,-0.2,8.1,257.56,16.39
41,-0.19512195,8.097561,257.5229,16.380726
42,-0.19047619,8.0952381,257.48753,16.371882
43,-0.18604651,8.0930233,257.45376,16.36344
44,-0.18181818,8.0909091,257.42149,16.355372
45,-0.17777778,8.0888889,257.39062,16.347654
46,-0.17391304,8.0869565,257.36106,16.340265
47,-0.17021277,8.0851064,257.33273,16.333182
48,-0.16666667,8.0833333,257.30556,16.326389
49,-0.16326531,8.0816327,257.27947,16.319867
50,-0.16,8.08,257.2544,16.3136
51,-0.15686275,8.0784314,257.2303,16.307574
52,-0.15384615,8.0769231,257.2071,16.301775
53,-0.1509434,8.0754717,257.18476,16.296191
54,-0.14814815,8.0740741,257.16324,16.290809
55,-0.14545455,8.0727273,257.14248,16.28562
56,-0.14285714,8.0714286,257.12245,16.280612
57,-0.14035088,8.0701754,257.10311,16.275777
58,-0.13793103,8.0689655,257.08442,16.271106
59,-0.13559322,8.0677966,257.06636,16.26659
60,-0.13333333,8.0666667,257.04889,16.262222
61,-0.13114754,8.0655738,257.03198,16.257995
62,-0.12903226,8.0645161,257.01561,16.253902
63,-0.12698413,8.0634921,256.99975,16.249937
64,-0.125,8.0625,256.98438,16.246094
65,-0.12307692,8.0615385,256.96947,16.242367
66,-0.12121212,8.0606061,256.955,16.238751
67,-0.11940299,8.0597015,256.94097,16.235242
68,-0.11764706,8.0588235,256.92734,16.231834
69,-0.11594203,8.057971,256.91409,16.228523
70,-0.11428571,8.0571429,256.90122,16.225306
71,-0.11267606,8.056338,256.88871,16.222178
72,-0.11111111,8.0555556,256.87654,16.219136
73,-0.10958904,8.0547945,256.8647,16.216176
74,-0.10810811,8.0540541,256.85318,16.213294
75,-0.10666667,8.0533333,256.84196,16.210489
76,-0.10526316,8.0526316,256.83102,16.207756
77,-0.1038961,8.0519481,256.82037,16.205094
78,-0.1025641,8.0512821,256.80999,16.202498
79,-0.10126582,8.0506329,256.79987,16.199968
80,-0.1,8.05,256.79,16.1975
81,-0.098765432,8.0493827,256.78037,16.195092
82,-0.097560976,8.0487805,256.77097,16.192742
83,-0.096385542,8.0481928,256.76179,16.190449
84,-0.095238095,8.047619,256.75283,16.188209
85,-0.094117647,8.0470588,256.74408,16.186021
86,-0.093023256,8.0465116,256.73553,16.183883
87,-0.091954023,8.045977,256.72718,16.181794
88,-0.090909091,8.0454545,256.71901,16.179752
89,-0.08988764,8.0449438,256.71102,16.177755
90,-0.088888889,8.0444444,256.70321,16.175802
91,-0.087912088,8.043956,256.69557,16.173892
92,-0.086956522,8.0434783,256.68809,16.172023
93,-0.086021505,8.0430108,256.68077,16.170193
94,-0.085106383,8.0425532,256.67361,16.168402
95,-0.084210526,8.0421053,256.66659,16.166648
96,-0.083333333,8.0416667,256.65972,16.164931
97,-0.082474227,8.0412371,256.65299,16.163248
98,-0.081632653,8.0408163,256.6464,16.161599
99,-0.080808081,8.040404,256.63993,16.159984
100,-0.08,8.04,256.6336,16.1584
101,-0.079207921,8.039604,256.62739,16.156847
102,-0.078431373,8.0392157,256.6213,16.155325
103,-0.077669903,8.038835,256.61533,16.153832
104,-0.076923077,8.0384615,256.60947,16.152367
105,-0.076190476,8.0380952,256.60372,16.15093
106,-0.075471698,8.0377358,256.59808,16.149519
107,-0.074766355,8.0373832,256.59254,16.148135
108,-0.074074074,8.037037,256.58711,16.146776
109,-0.073394495,8.0366972,256.58177,16.145442
110,-0.072727273,8.0363636,256.57653,16.144132
111,-0.072072072,8.036036,256.57138,16.142846
112,-0.071428571,8.0357143,256.56633,16.141582
113,-0.07079646,8.0353982,256.56136,16.14034
114,-0.070175439,8.0350877,256.55648,16.13912
115,-0.069565217,8.0347826,256.55168,16.137921
116,-0.068965517,8.0344828,256.54697,16.136742
117,-0.068376068,8.034188,256.54233,16.135583
118,-0.06779661,8.0338983,256.53778,16.134444
119,-0.067226891,8.0336134,256.5333,16.133324
120,-0.066666667,8.0333333,256.52889,16.132222
121,-0.066115702,8.0330579,256.52455,16.131139
122,-0.06557377,8.0327869,256.52029,16.130073
123,-0.06504065,8.0325203,256.51609,16.129024
124,-0.064516129,8.0322581,256.51197,16.127992
125,-0.064,8.032,256.5079,16.126976
126,-0.063492063,8.031746,256.50391,16.125976
127,-0.062992126,8.0314961,256.49997,16.124992
128,-0.0625,8.03125,256.49609,16.124023
129,-0.062015504,8.0310078,256.49228,16.12307
130,-0.061538462,8.0307692,256.48852,16.12213
131,-0.061068702,8.0305344,256.48482,16.121205
132,-0.060606061,8.030303,256.48118,16.120294
133,-0.060150376,8.0300752,256.47758,16.119396
134,-0.059701493,8.0298507,256.47405,16.118512
135,-0.059259259,8.0296296,256.47056,16.117641
136,-0.058823529,8.0294118,256.46713,16.116782
137,-0.058394161,8.0291971,256.46374,16.115936
138,-0.057971014,8.0289855,256.46041,16.115102
139,-0.057553957,8.028777,256.45712,16.11428
140,-0.057142857,8.0285714,256.45388,16.113469
141,-0.056737589,8.0283688,256.45068,16.11267
142,-0.056338028,8.028169,256.44753,16.111883
143,-0.055944056,8.027972,256.44442,16.111106
144,-0.055555556,8.0277778,256.44136,16.11034
145,-0.055172414,8.0275862,256.43834,16.109584
146,-0.054794521,8.0273973,256.43535,16.108838
147,-0.054421769,8.0272109,256.43241,16.108103
148,-0.054054054,8.027027,256.42951,16.107378
149,-0.053691275,8.0268456,256.42665,16.106662
150,-0.053333333,8.0266667,256.42382,16.105956
151,-0.052980132,8.0264901,256.42103,16.105259
152,-0.052631579,8.0263158,256.41828,16.104571
153,-0.052287582,8.0261438,256.41557,16.103892
154,-0.051948052,8.025974,256.41289,16.103221
155,-0.051612903,8.0258065,256.41024,16.10256
156,-0.051282051,8.025641,256.40763,16.101907
157,-0.050955414,8.0254777,256.40505,16.101262
158,-0.050632911,8.0253165,256.4025,16.100625
159,-0.050314465,8.0251572,256.39998,16.099996
160,-0.05,8.025,256.3975,16.099375
161,-0.049689441,8.0248447,256.39505,16.098762
162,-0.049382716,8.0246914,256.39262,16.098156
163,-0.049079755,8.0245399,256.39023,16.097557
164,-0.048780488,8.0243902,256.38786,16.096966
165,-0.048484848,8.0242424,256.38553,16.096382
166,-0.048192771,8.0240964,256.38322,16.095805
167,-0.047904192,8.0239521,256.38094,16.095235
168,-0.047619048,8.0238095,256.37868,16.094671
169,-0.047337278,8.0236686,256.37646,16.094114
170,-0.047058824,8.0235294,256.37426,16.093564
171,-0.046783626,8.0233918,256.37208,16.09302
172,-0.046511628,8.0232558,256.36993,16.092482
173,-0.046242775,8.0231214,256.3678,16.091951
174,-0.045977011,8.0229885,256.3657,16.091426
175,-0.045714286,8.0228571,256.36362,16.090906
176,-0.045454545,8.0227273,256.36157,16.090393
177,-0.04519774,8.0225989,256.35954,16.089885
178,-0.04494382,8.0224719,256.35753,16.089383
179,-0.044692737,8.0223464,256.35554,16.088886
180,-0.044444444,8.0222222,256.35358,16.088395
181,-0.044198895,8.0220994,256.35164,16.087909
182,-0.043956044,8.021978,256.34972,16.087429
183,-0.043715847,8.0218579,256.34782,16.086954
184,-0.043478261,8.0217391,256.34594,16.086484
185,-0.043243243,8.0216216,256.34408,16.086019
186,-0.043010753,8.0215054,256.34224,16.085559
187,-0.042780749,8.0213904,256.34042,16.085104
188,-0.042553191,8.0212766,256.33861,16.084654
189,-0.042328042,8.021164,256.33683,16.084208
190,-0.042105263,8.0210526,256.33507,16.083767
191,-0.041884817,8.0209424,256.33332,16.083331
192,-0.041666667,8.0208333,256.3316,16.082899
193,-0.041450777,8.0207254,256.32989,16.082472
194,-0.041237113,8.0206186,256.3282,16.082049
195,-0.041025641,8.0205128,256.32652,16.081631
196,-0.040816327,8.0204082,256.32486,16.081216
197,-0.040609137,8.0203046,256.32322,16.080806
198,-0.04040404,8.020202,256.3216,16.0804
199,-0.040201005,8.0201005,256.31999,16.079998
200,-0.04,8.02,256.3184,16.0796
201,-0.039800995,8.0199005,256.31682,16.079206
202,-0.03960396,8.019802,256.31526,16.078816
203,-0.039408867,8.0197044,256.31372,16.078429
204,-0.039215686,8.0196078,256.31219,16.078047
205,-0.03902439,8.0195122,256.31067,16.077668
206,-0.038834951,8.0194175,256.30917,16.077293
207,-0.038647343,8.0193237,256.30769,16.076921
208,-0.038461538,8.0192308,256.30621,16.076553
209,-0.038277512,8.0191388,256.30475,16.076189
210,-0.038095238,8.0190476,256.30331,16.075828
211,-0.037914692,8.0189573,256.30188,16.07547
212,-0.037735849,8.0188679,256.30046,16.075116
213,-0.037558685,8.0187793,256.29906,16.074765
214,-0.037383178,8.0186916,256.29767,16.074417
215,-0.037209302,8.0186047,256.29629,16.074072
216,-0.037037037,8.0185185,256.29492,16.073731
217,-0.036866359,8.0184332,256.29357,16.073393
218,-0.036697248,8.0183486,256.29223,16.073058
219,-0.03652968,8.0182648,256.2909,16.072726
220,-0.036363636,8.0181818,256.28959,16.072397
221,-0.036199095,8.0180995,256.28828,16.072071
222,-0.036036036,8.018018,256.28699,16.071747
223,-0.035874439,8.0179372,256.28571,16.071427
224,-0.035714286,8.0178571,256.28444,16.07111
225,-0.035555556,8.0177778,256.28318,16.070795
226,-0.03539823,8.0176991,256.28193,16.070483
227,-0.035242291,8.0176211,256.2807,16.070174
228,-0.035087719,8.0175439,256.27947,16.069868
229,-0.034934498,8.0174672,256.27826,16.069564
230,-0.034782609,8.0173913,256.27705,16.069263
231,-0.034632035,8.017316,256.27586,16.068964
232,-0.034482759,8.0172414,256.27467,16.068668
233,-0.034334764,8.0171674,256.2735,16.068375
234,-0.034188034,8.017094,256.27234,16.068084
235,-0.034042553,8.0170213,256.27118,16.067795
236,-0.033898305,8.0169492,256.27004,16.067509
237,-0.033755274,8.0168776,256.2689,16.067226
238,-0.033613445,8.0168067,256.26778,16.066944
239,-0.033472803,8.0167364,256.26666,16.066665
240,-0.033333333,8.0166667,256.26556,16.066389
241,-0.033195021,8.0165975,256.26446,16.066115
242,-0.033057851,8.0165289,256.26337,16.065842
243,-0.032921811,8.0164609,256.26229,16.065573
244,-0.032786885,8.0163934,256.26122,16.065305
245,-0.032653061,8.0163265,256.26016,16.06504
246,-0.032520325,8.0162602,256.25911,16.064776
247,-0.032388664,8.0161943,256.25806,16.064515
248,-0.032258065,8.016129,256.25702,16.064256
249,-0.032128514,8.0160643,256.256,16.063999
250,-0.032,8.016,256.25498,16.063744
251,-0.03187251,8.0159363,256.25396,16.063491
252,-0.031746032,8.015873,256.25296,16.06324
253,-0.031620553,8.0158103,256.25196,16.062991
254,-0.031496063,8.015748,256.25098,16.062744
255,-0.031372549,8.0156863,256.25,16.062499
256,-0.03125,8.015625,256.24902,16.062256
257,-0.031128405,8.0155642,256.24806,16.062015
258,-0.031007752,8.0155039,256.2471,16.061775
259,-0.030888031,8.015444,256.24615,16.061538
260,-0.030769231,8.0153846,256.24521,16.061302
261,-0.030651341,8.0153257,256.24427,16.061068
262,-0.030534351,8.0152672,256.24334,16.060836
263,-0.030418251,8.0152091,256.24242,16.060605
264,-0.03030303,8.0151515,256.24151,16.060376
265,-0.030188679,8.0150943,256.2406,16.06015
266,-0.030075188,8.0150376,256.2397,16.059924
267,-0.029962547,8.0149813,256.2388,16.059701
268,-0.029850746,8.0149254,256.23791,16.059479
269,-0.029739777,8.0148699,256.23703,16.059258
270,-0.02962963,8.0148148,256.23616,16.05904
271,-0.029520295,8.0147601,256.23529,16.058823
272,-0.029411765,8.0147059,256.23443,16.058607
273,-0.029304029,8.014652,256.23357,16.058393
274,-0.02919708,8.0145985,256.23272,16.058181
275,-0.029090909,8.0145455,256.23188,16.05797
276,-0.028985507,8.0144928,256.23104,16.057761
277,-0.028880866,8.0144404,256.23021,16.057553
278,-0.028776978,8.0143885,256.22939,16.057347
279,-0.028673835,8.0143369,256.22857,16.057142
280,-0.028571429,8.0142857,256.22776,16.056939
281,-0.028469751,8.0142349,256.22695,16.056737
282,-0.028368794,8.0141844,256.22615,16.056536
283,-0.028268551,8.0141343,256.22535,16.056337
284,-0.028169014,8.0140845,256.22456,16.05614
285,-0.028070175,8.0140351,256.22377,16.055943
286,-0.027972028,8.013986,256.22299,16.055748
287,-0.027874564,8.0139373,256.22222,16.055555
288,-0.027777778,8.0138889,256.22145,16.055363
289,-0.027681661,8.0138408,256.22069,16.055172
290,-0.027586207,8.0137931,256.21993,16.054982
291,-0.027491409,8.0137457,256.21918,16.054794
292,-0.02739726,8.0136986,256.21843,16.054607
293,-0.027303754,8.0136519,256.21768,16.054421
294,-0.027210884,8.0136054,256.21695,16.054237
295,-0.027118644,8.0135593,256.21621,16.054053
296,-0.027027027,8.0135135,256.21549,16.053871
297,-0.026936027,8.013468,256.21476,16.053691
298,-0.026845638,8.0134228,256.21404,16.053511
299,-0.026755853,8.0133779,256.21333,16.053333
300,-0.026666667,8.0133333,256.21262,16.053156
301,-0.026578073,8.013289,256.21192,16.05298
302,-0.026490066,8.013245,256.21122,16.052805
303,-0.02640264,8.0132013,256.21052,16.052631
304,-0.026315789,8.0131579,256.20983,16.052458
305,-0.026229508,8.0131148,256.20915,16.052287
306,-0.026143791,8.0130719,256.20847,16.052117
307,-0.026058632,8.0130293,256.20779,16.051948
308,-0.025974026,8.012987,256.20712,16.051779
309,-0.025889968,8.012945,256.20645,16.051612
310,-0.025806452,8.0129032,256.20579,16.051446
311,-0.025723473,8.0128617,256.20513,16.051282
312,-0.025641026,8.0128205,256.20447,16.051118
313,-0.025559105,8.0127796,256.20382,16.050955
314,-0.025477707,8.0127389,256.20317,16.050793
315,-0.025396825,8.0126984,256.20253,16.050632
316,-0.025316456,8.0126582,256.20189,16.050473
317,-0.025236593,8.0126183,256.20126,16.050314
318,-0.025157233,8.0125786,256.20062,16.050156
319,-0.02507837,8.0125392,256.2,16.05
320,-0.025,8.0125,256.19937,16.049844
321,-0.024922118,8.0124611,256.19876,16.049689
322,-0.02484472,8.0124224,256.19814,16.049535
323,-0.024767802,8.0123839,256.19753,16.049382
324,-0.024691358,8.0123457,256.19692,16.04923
325,-0.024615385,8.0123077,256.19632,16.049079
326,-0.024539877,8.0122699,256.19572,16.048929
327,-0.024464832,8.0122324,256.19512,16.04878
328,-0.024390244,8.0121951,256.19453,16.048632
329,-0.024316109,8.0121581,256.19394,16.048484
330,-0.024242424,8.0121212,256.19335,16.048338
331,-0.024169184,8.0120846,256.19277,16.048192
332,-0.024096386,8.0120482,256.19219,16.048048
333,-0.024024024,8.012012,256.19162,16.047904
334,-0.023952096,8.011976,256.19104,16.047761
335,-0.023880597,8.0119403,256.19047,16.047619
336,-0.023809524,8.0119048,256.18991,16.047477
337,-0.023738872,8.0118694,256.18935,16.047337
338,-0.023668639,8.0118343,256.18879,16.047197
339,-0.02359882,8.0117994,256.18823,16.047058
340,-0.023529412,8.0117647,256.18768,16.04692
341,-0.023460411,8.0117302,256.18713,16.046783
342,-0.023391813,8.0116959,256.18659,16.046647
343,-0.023323615,8.0116618,256.18604,16.046511
344,-0.023255814,8.0116279,256.18551,16.046376
345,-0.023188406,8.0115942,256.18497,16.046242
346,-0.023121387,8.0115607,256.18444,16.046109
347,-0.023054755,8.0115274,256.18391,16.045977
348,-0.022988506,8.0114943,256.18338,16.045845
349,-0.022922636,8.0114613,256.18286,16.045714
350,-0.022857143,8.0114286,256.18233,16.045584
351,-0.022792023,8.011396,256.18182,16.045454
352,-0.022727273,8.0113636,256.1813,16.045325
353,-0.02266289,8.0113314,256.18079,16.045197
354,-0.02259887,8.0112994,256.18028,16.04507
355,-0.022535211,8.0112676,256.17977,16.044943
356,-0.02247191,8.011236,256.17927,16.044818
357,-0.022408964,8.0112045,256.17877,16.044692
358,-0.022346369,8.0111732,256.17827,16.044568
359,-0.022284123,8.0111421,256.17778,16.044444
360,-0.022222222,8.0111111,256.17728,16.044321
361,-0.022160665,8.0110803,256.17679,16.044199
362,-0.022099448,8.0110497,256.17631,16.044077
363,-0.022038567,8.0110193,256.17582,16.043956
364,-0.021978022,8.010989,256.17534,16.043835
365,-0.021917808,8.0109589,256.17486,16.043716
366,-0.021857923,8.010929,256.17439,16.043596
367,-0.021798365,8.0108992,256.17391,16.043478
368,-0.02173913,8.0108696,256.17344,16.04336
369,-0.021680217,8.0108401,256.17297,16.043243
370,-0.021621622,8.0108108,256.17251,16.043126
371,-0.021563342,8.0107817,256.17204,16.04301
372,-0.021505376,8.0107527,256.17158,16.042895
373,-0.021447721,8.0107239,256.17112,16.04278
374,-0.021390374,8.0106952,256.17067,16.042666
375,-0.021333333,8.0106667,256.17021,16.042553
376,-0.021276596,8.0106383,256.16976,16.04244
377,-0.021220159,8.0106101,256.16931,16.042328
378,-0.021164021,8.010582,256.16886,16.042216
379,-0.021108179,8.0105541,256.16842,16.042105
380,-0.021052632,8.0105263,256.16798,16.041994
381,-0.020997375,8.0104987,256.16754,16.041885
382,-0.020942408,8.0104712,256.1671,16.041775
383,-0.020887728,8.0104439,256.16667,16.041666
384,-0.020833333,8.0104167,256.16623,16.041558
385,-0.020779221,8.0103896,256.1658,16.04145
386,-0.020725389,8.0103627,256.16537,16.041343
387,-0.020671835,8.0103359,256.16495,16.041237
388,-0.020618557,8.0103093,256.16452,16.041131
389,-0.020565553,8.0102828,256.1641,16.041025
390,-0.020512821,8.0102564,256.16368,16.04092
391,-0.020460358,8.0102302,256.16326,16.040816
392,-0.020408163,8.0102041,256.16285,16.040712
393,-0.020356234,8.0101781,256.16244,16.040609
394,-0.020304569,8.0101523,256.16202,16.040506
395,-0.020253165,8.0101266,256.16162,16.040404
396,-0.02020202,8.010101,256.16121,16.040302
397,-0.020151134,8.0100756,256.1608,16.040201
398,-0.020100503,8.0100503,256.1604,16.0401
399,-0.020050125,8.0100251,256.16,16.04
400,-0.02,8.01,256.1596,16.0399
401,-0.019950125,8.0099751,256.1592,16.039801
402,-0.019900498,8.0099502,256.15881,16.039702
403,-0.019851117,8.0099256,256.15841,16.039604
404,-0.01980198,8.009901,256.15802,16.039506
405,-0.019753086,8.0098765,256.15763,16.039409
406,-0.019704433,8.0098522,256.15725,16.039312
407,-0.01965602,8.009828,256.15686,16.039215
408,-0.019607843,8.0098039,256.15648,16.03912
409,-0.019559902,8.00978,256.1561,16.039024
410,-0.019512195,8.0097561,256.15572,16.038929
411,-0.01946472,8.0097324,256.15534,16.038835
412,-0.019417476,8.0097087,256.15496,16.038741
413,-0.01937046,8.0096852,256.15459,16.038647
414,-0.019323671,8.0096618,256.15422,16.038554
415,-0.019277108,8.0096386,256.15385,16.038461
416,-0.019230769,8.0096154,256.15348,16.038369
417,-0.019184652,8.0095923,256.15311,16.038277
418,-0.019138756,8.0095694,256.15274,16.038186
419,-0.019093079,8.0095465,256.15238,16.038095
420,-0.019047619,8.0095238,256.15202,16.038005
421,-0.019002375,8.0095012,256.15166,16.037914
422,-0.018957346,8.0094787,256.1513,16.037825
423,-0.01891253,8.0094563,256.15094,16.037736
424,-0.018867925,8.009434,256.15059,16.037647
425,-0.018823529,8.0094118,256.15023,16.037558
426,-0.018779343,8.0093897,256.14988,16.037471
427,-0.018735363,8.0093677,256.14953,16.037383
428,-0.018691589,8.0093458,256.14918,16.037296
429,-0.018648019,8.009324,256.14884,16.037209
430,-0.018604651,8.0093023,256.14849,16.037123
431,-0.018561485,8.0092807,256.14815,16.037037
432,-0.018518519,8.0092593,256.14781,16.036951
433,-0.018475751,8.0092379,256.14746,16.036866
434,-0.01843318,8.0092166,256.14713,16.036781
435,-0.018390805,8.0091954,256.14679,16.036697
436,-0.018348624,8.0091743,256.14645,16.036613
437,-0.018306636,8.0091533,256.14612,16.036529
438,-0.01826484,8.0091324,256.14579,16.036446
439,-0.018223235,8.0091116,256.14545,16.036363
440,-0.018181818,8.0090909,256.14512,16.036281
441,-0.01814059,8.0090703,256.1448,16.036199
442,-0.018099548,8.0090498,256.14447,16.036117
443,-0.018058691,8.0090293,256.14414,16.036036
444,-0.018018018,8.009009,256.14382,16.035955
445,-0.017977528,8.0089888,256.1435,16.035874
446,-0.01793722,8.0089686,256.14318,16.035794
447,-0.017897092,8.0089485,256.14286,16.035714
448,-0.017857143,8.0089286,256.14254,16.035635
449,-0.017817372,8.0089087,256.14222,16.035555
450,-0.017777778,8.0088889,256.14191,16.035477
451,-0.017738359,8.0088692,256.14159,16.035398
452,-0.017699115,8.0088496,256.14128,16.03532
453,-0.017660044,8.00883,256.14097,16.035242
454,-0.017621145,8.0088106,256.14066,16.035165
455,-0.017582418,8.0087912,256.14035,16.035088
456,-0.01754386,8.0087719,256.14004,16.035011
457,-0.01750547,8.0087527,256.13974,16.034934
458,-0.017467249,8.0087336,256.13943,16.034858
459,-0.017429194,8.0087146,256.13913,16.034782
460,-0.017391304,8.0086957,256.13883,16.034707
461,-0.017353579,8.0086768,256.13853,16.034632
462,-0.017316017,8.008658,256.13823,16.034557
463,-0.017278618,8.0086393,256.13793,16.034483
464,-0.017241379,8.0086207,256.13763,16.034408
465,-0.017204301,8.0086022,256.13734,16.034335
466,-0.017167382,8.0085837,256.13704,16.034261
467,-0.017130621,8.0085653,256.13675,16.034188
468,-0.017094017,8.008547,256.13646,16.034115
469,-0.017057569,8.0085288,256.13617,16.034042
470,-0.017021277,8.0085106,256.13588,16.03397
471,-0.016985138,8.0084926,256.13559,16.033898
472,-0.016949153,8.0084746,256.13531,16.033826
473,-0.016913319,8.0084567,256.13502,16.033755
474,-0.016877637,8.0084388,256.13474,16.033684
475,-0.016842105,8.0084211,256.13445,16.033613
476,-0.016806723,8.0084034,256.13417,16.033543
477,-0.016771488,8.0083857,256.13389,16.033473
478,-0.016736402,8.0083682,256.13361,16.033403
479,-0.016701461,8.0083507,256.13333,16.033333
480,-0.016666667,8.0083333,256.13306,16.033264
481,-0.016632017,8.008316,256.13278,16.033195
482,-0.01659751,8.0082988,256.1325,16.033126
483,-0.016563147,8.0082816,256.13223,16.033058
484,-0.016528926,8.0082645,256.13196,16.03299
485,-0.016494845,8.0082474,256.13169,16.032922
486,-0.016460905,8.0082305,256.13142,16.032854
487,-0.016427105,8.0082136,256.13115,16.032787
488,-0.016393443,8.0081967,256.13088,16.03272
489,-0.016359918,8.00818,256.13061,16.032653
490,-0.016326531,8.0081633,256.13035,16.032586
491,-0.016293279,8.0081466,256.13008,16.03252
492,-0.016260163,8.0081301,256.12982,16.032454
493,-0.016227181,8.0081136,256.12955,16.032389
494,-0.016194332,8.0080972,256.12929,16.032323
495,-0.016161616,8.0080808,256.12903,16.032258
496,-0.016129032,8.0080645,256.12877,16.032193
497,-0.016096579,8.0080483,256.12851,16.032128
498,-0.016064257,8.0080321,256.12826,16.032064
499,-0.016032064,8.008016,256.128,16.032
500,-0.016,8.008,256.12774,16.031936
501,-0.015968064,8.007984,256.12749,16.031872
502,-0.015936255,8.0079681,256.12724,16.031809
503,-0.015904573,8.0079523,256.12698,16.031746
504,-0.015873016,8.0079365,256.12673,16.031683
505,-0.015841584,8.0079208,256.12648,16.03162
506,-0.015810277,8.0079051,256.12623,16.031558
507,-0.015779093,8.0078895,256.12598,16.031496
508,-0.015748031,8.007874,256.12574,16.031434
509,-0.015717092,8.0078585,256.12549,16.031372
510,-0.015686275,8.0078431,256.12524,16.031311
511,-0.015655577,8.0078278,256.125,16.03125
512,-0.015625,8.0078125,256.12476,16.031189
513,-0.015594542,8.0077973,256.12451,16.031128
514,-0.015564202,8.0077821,256.12427,16.031068
515,-0.015533981,8.007767,256.12403,16.031008
516,-0.015503876,8.0077519,256.12379,16.030948
517,-0.015473888,8.0077369,256.12355,16.030888
518,-0.015444015,8.007722,256.12331,16.030828
519,-0.015414258,8.0077071,256.12308,16.030769
520,-0.015384615,8.0076923,256.12284,16.03071
521,-0.015355086,8.0076775,256.1226,16.030651
522,-0.01532567,8.0076628,256.12237,16.030593
523,-0.015296367,8.0076482,256.12214,16.030534
524,-0.015267176,8.0076336,256.1219,16.030476
525,-0.015238095,8.007619,256.12167,16.030418
526,-0.015209125,8.0076046,256.12144,16.03036
527,-0.015180266,8.0075901,256.12121,16.030303
528,-0.015151515,8.0075758,256.12098,16.030246
529,-0.015122873,8.0075614,256.12075,16.030189
530,-0.01509434,8.0075472,256.12053,16.030132
531,-0.015065913,8.007533,256.1203,16.030075
532,-0.015037594,8.0075188,256.12007,16.030019
533,-0.015009381,8.0075047,256.11985,16.029962
534,-0.014981273,8.0074906,256.11963,16.029906
535,-0.014953271,8.0074766,256.1194,16.029851
536,-0.014925373,8.0074627,256.11918,16.029795
537,-0.014897579,8.0074488,256.11896,16.02974
538,-0.014869888,8.0074349,256.11874,16.029684
539,-0.014842301,8.0074212,256.11852,16.02963
540,-0.014814815,8.0074074,256.1183,16.029575
541,-0.014787431,8.0073937,256.11808,16.02952
542,-0.014760148,8.0073801,256.11786,16.029466
543,-0.014732965,8.0073665,256.11765,16.029412
544,-0.014705882,8.0073529,256.11743,16.029358
545,-0.014678899,8.0073394,256.11722,16.029304
546,-0.014652015,8.007326,256.117,16.02925
547,-0.014625229,8.0073126,256.11679,16.029197
548,-0.01459854,8.0072993,256.11658,16.029144
549,-0.014571949,8.007286,256.11636,16.029091
550,-0.014545455,8.0072727,256.11615,16.029038
551,-0.014519056,8.0072595,256.11594,16.028985
552,-0.014492754,8.0072464,256.11573,16.028933
553,-0.014466546,8.0072333,256.11552,16.028881
554,-0.014440433,8.0072202,256.11531,16.028829
555,-0.014414414,8.0072072,256.11511,16.028777
556,-0.014388489,8.0071942,256.1149,16.028725
557,-0.014362657,8.0071813,256.11469,16.028674
558,-0.014336918,8.0071685,256.11449,16.028622
559,-0.01431127,8.0071556,256.11429,16.028571
560,-0.014285714,8.0071429,256.11408,16.02852
561,-0.01426025,8.0071301,256.11388,16.02847
562,-0.014234875,8.0071174,256.11368,16.028419
563,-0.014209591,8.0071048,256.11347,16.028369
564,-0.014184397,8.0070922,256.11327,16.028318
565,-0.014159292,8.0070796,256.11307,16.028268
566,-0.014134276,8.0070671,256.11287,16.028219
567,-0.014109347,8.0070547,256.11268,16.028169
568,-0.014084507,8.0070423,256.11248,16.028119
569,-0.014059754,8.0070299,256.11228,16.02807
570,-0.014035088,8.0070175,256.11208,16.028021
571,-0.014010508,8.0070053,256.11189,16.027972
572,-0.013986014,8.006993,256.11169,16.027923
573,-0.013961606,8.0069808,256.1115,16.027874
574,-0.013937282,8.0069686,256.1113,16.027826
575,-0.013913043,8.0069565,256.11111,16.027778
576,-0.013888889,8.0069444,256.11092,16.02773
577,-0.013864818,8.0069324,256.11073,16.027682
578,-0.01384083,8.0069204,256.11054,16.027634
579,-0.013816926,8.0069085,256.11034,16.027586
580,-0.013793103,8.0068966,256.11015,16.027539
581,-0.013769363,8.0068847,256.10997,16.027491
582,-0.013745704,8.0068729,256.10978,16.027444
583,-0.013722127,8.0068611,256.10959,16.027397
584,-0.01369863,8.0068493,256.1094,16.02735
585,-0.013675214,8.0068376,256.10921,16.027304
586,-0.013651877,8.0068259,256.10903,16.027257
587,-0.01362862,8.0068143,256.10884,16.027211
588,-0.013605442,8.0068027,256.10866,16.027165
589,-0.013582343,8.0067912,256.10847,16.027119
590,-0.013559322,8.0067797,256.10829,16.027073
591,-0.013536379,8.0067682,256.10811,16.027027
592,-0.013513514,8.0067568,256.10793,16.026981
593,-0.013490725,8.0067454,256.10774,16.026936
594,-0.013468013,8.006734,256.10756,16.026891
595,-0.013445378,8.0067227,256.10738,16.026846
596,-0.013422819,8.0067114,256.1072,16.026801
597,-0.013400335,8.0067002,256.10702,16.026756
598,-0.013377926,8.006689,256.10684,16.026711
599,-0.013355593,8.0066778,256.10667,16.026667
600,-0.013333333,8.0066667,256.10649,16.026622
601,-0.013311148,8.0066556,256.10631,16.026578
602,-0.013289037,8.0066445,256.10614,16.026534
603,-0.013266998,8.0066335,256.10596,16.02649
604,-0.013245033,8.0066225,256.10578,16.026446
605,-0.01322314,8.0066116,256.10561,16.026403
606,-0.01320132,8.0066007,256.10544,16.026359
607,-0.013179572,8.0065898,256.10526,16.026316
608,-0.013157895,8.0065789,256.10509,16.026273
609,-0.013136289,8.0065681,256.10492,16.026229
610,-0.013114754,8.0065574,256.10475,16.026187
611,-0.01309329,8.0065466,256.10457,16.026144
612,-0.013071895,8.0065359,256.1044,16.026101
613,-0.013050571,8.0065253,256.10423,16.026059
614,-0.013029316,8.0065147,256.10406,16.026016
615,-0.01300813,8.0065041,256.1039,16.025974
616,-0.012987013,8.0064935,256.10373,16.025932
617,-0.012965964,8.006483,256.10356,16.02589
618,-0.012944984,8.0064725,256.10339,16.025848
619,-0.012924071,8.006462,256.10323,16.025806
620,-0.012903226,8.0064516,256.10306,16.025765
621,-0.012882448,8.0064412,256.10289,16.025723
622,-0.012861736,8.0064309,256.10273,16.025682
623,-0.012841091,8.0064205,256.10256,16.025641
624,-0.012820513,8.0064103,256.1024,16.0256
625,-0.0128,8.0064,256.10224,16.025559
626,-0.012779553,8.0063898,256.10207,16.025518
627,-0.012759171,8.0063796,256.10191,16.025478
628,-0.012738854,8.0063694,256.10175,16.025437
629,-0.012718601,8.0063593,256.10159,16.025397
630,-0.012698413,8.0063492,256.10143,16.025357
631,-0.012678288,8.0063391,256.10127,16.025316
632,-0.012658228,8.0063291,256.10111,16.025276
633,-0.012638231,8.0063191,256.10095,16.025237
634,-0.012618297,8.0063091,256.10079,16.025197
635,-0.012598425,8.0062992,256.10063,16.025157
636,-0.012578616,8.0062893,256.10047,16.025118
637,-0.01255887,8.0062794,256.10031,16.025078
638,-0.012539185,8.0062696,256.10016,16.025039
639,-0.012519562,8.0062598,256.1,16.025
640,-0.0125,8.00625,256.09984,16.024961
641,-0.012480499,8.0062402,256.09969,16.024922
642,-0.012461059,8.0062305,256.09953,16.024883
643,-0.01244168,8.0062208,256.09938,16.024845
644,-0.01242236,8.0062112,256.09922,16.024806
645,-0.012403101,8.0062016,256.09907,16.024768
646,-0.012383901,8.006192,256.09892,16.024729
647,-0.01236476,8.0061824,256.09877,16.024691
648,-0.012345679,8.0061728,256.09861,16.024653
649,-0.012326656,8.0061633,256.09846,16.024615
650,-0.012307692,8.0061538,256.09831,16.024578
651,-0.012288786,8.0061444,256.09816,16.02454
652,-0.012269939,8.006135,256.09801,16.024502
653,-0.012251149,8.0061256,256.09786,16.024465
654,-0.012232416,8.0061162,256.09771,16.024427
655,-0.01221374,8.0061069,256.09756,16.02439
656,-0.012195122,8.0060976,256.09741,16.024353
657,-0.01217656,8.0060883,256.09726,16.024316
658,-0.012158055,8.006079,256.09712,16.024279
659,-0.012139605,8.0060698,256.09697,16.024242
660,-0.012121212,8.0060606,256.09682,16.024206
661,-0.012102874,8.0060514,256.09668,16.024169
662,-0.012084592,8.0060423,256.09653,16.024133
663,-0.012066365,8.0060332,256.09639,16.024096
664,-0.012048193,8.0060241,256.09624,16.02406
665,-0.012030075,8.006015,256.0961,16.024024
666,-0.012012012,8.006006,256.09595,16.023988
667,-0.011994003,8.005997,256.09581,16.023952
668,-0.011976048,8.005988,256.09566,16.023916
669,-0.011958146,8.0059791,256.09552,16.023881
670,-0.011940299,8.0059701,256.09538,16.023845
671,-0.011922504,8.0059613,256.09524,16.023809
672,-0.011904762,8.0059524,256.0951,16.023774
673,-0.011887073,8.0059435,256.09496,16.023739
674,-0.011869436,8.0059347,256.09481,16.023704
675,-0.011851852,8.0059259,256.09467,16.023669
676,-0.01183432,8.0059172,256.09453,16.023634
677,-0.011816839,8.0059084,256.0944,16.023599
678,-0.01179941,8.0058997,256.09426,16.023564
679,-0.011782032,8.005891,256.09412,16.023529
680,-0.011764706,8.0058824,256.09398,16.023495
681,-0.01174743,8.0058737,256.09384,16.02346
682,-0.011730205,8.0058651,256.0937,16.023426
683,-0.011713031,8.0058565,256.09357,16.023392
684,-0.011695906,8.005848,256.09343,16.023358
685,-0.011678832,8.0058394,256.09329,16.023324
686,-0.011661808,8.0058309,256.09316,16.02329
687,-0.011644833,8.0058224,256.09302,16.023256
688,-0.011627907,8.005814,256.09289,16.023222
689,-0.01161103,8.0058055,256.09275,16.023188
690,-0.011594203,8.0057971,256.09262,16.023155
691,-0.011577424,8.0057887,256.09249,16.023121
692,-0.011560694,8.0057803,256.09235,16.023088
693,-0.011544012,8.005772,256.09222,16.023055
694,-0.011527378,8.0057637,256.09209,16.023022
695,-0.011510791,8.0057554,256.09195,16.022988
696,-0.011494253,8.0057471,256.09182,16.022955
697,-0.011477762,8.0057389,256.09169,16.022923
698,-0.011461318,8.0057307,256.09156,16.02289
699,-0.011444921,8.0057225,256.09143,16.022857
700,-0.011428571,8.0057143,256.0913,16.022824
701,-0.011412268,8.0057061,256.09117,16.022792
702,-0.011396011,8.005698,256.09104,16.02276
703,-0.011379801,8.0056899,256.09091,16.022727
704,-0.011363636,8.0056818,256.09078,16.022695
705,-0.011347518,8.0056738,256.09065,16.022663
706,-0.011331445,8.0056657,256.09052,16.022631
707,-0.011315417,8.0056577,256.0904,16.022599
708,-0.011299435,8.0056497,256.09027,16.022567
709,-0.011283498,8.0056417,256.09014,16.022535
710,-0.011267606,8.0056338,256.09001,16.022503
711,-0.011251758,8.0056259,256.08989,16.022472
712,-0.011235955,8.005618,256.08976,16.02244
713,-0.011220196,8.0056101,256.08964,16.022409
714,-0.011204482,8.0056022,256.08951,16.022378
715,-0.011188811,8.0055944,256.08939,16.022346
716,-0.011173184,8.0055866,256.08926,16.022315
717,-0.011157601,8.0055788,256.08914,16.022284
718,-0.011142061,8.005571,256.08901,16.022253
719,-0.011126565,8.0055633,256.08889,16.022222
720,-0.011111111,8.0055556,256.08877,16.022191
721,-0.0110957,8.0055479,256.08864,16.022161
722,-0.011080332,8.0055402,256.08852,16.02213
723,-0.011065007,8.0055325,256.0884,16.022099
724,-0.011049724,8.0055249,256.08828,16.022069
725,-0.011034483,8.0055172,256.08815,16.022039
726,-0.011019284,8.0055096,256.08803,16.022008
727,-0.011004127,8.0055021,256.08791,16.021978
728,-0.010989011,8.0054945,256.08779,16.021948
729,-0.010973937,8.005487,256.08767,16.021918
730,-0.010958904,8.0054795,256.08755,16.021888
731,-0.010943912,8.005472,256.08743,16.021858
732,-0.010928962,8.0054645,256.08731,16.021828
733,-0.010914052,8.005457,256.08719,16.021798
734,-0.010899183,8.0054496,256.08707,16.021769
735,-0.010884354,8.0054422,256.08696,16.021739
736,-0.010869565,8.0054348,256.08684,16.02171
737,-0.010854817,8.0054274,256.08672,16.02168
738,-0.010840108,8.0054201,256.0866,16.021651
739,-0.01082544,8.0054127,256.08649,16.021622
740,-0.010810811,8.0054054,256.08637,16.021592
741,-0.010796221,8.0053981,256.08625,16.021563
742,-0.010781671,8.0053908,256.08614,16.021534
743,-0.01076716,8.0053836,256.08602,16.021505
744,-0.010752688,8.0053763,256.08591,16.021476
745,-0.010738255,8.0053691,256.08579,16.021448
746,-0.010723861,8.0053619,256.08568,16.021419
747,-0.010709505,8.0053548,256.08556,16.02139
748,-0.010695187,8.0053476,256.08545,16.021362
749,-0.010680908,8.0053405,256.08533,16.021333
750,-0.010666667,8.0053333,256.08522,16.021305
751,-0.010652463,8.0053262,256.08511,16.021277
752,-0.010638298,8.0053191,256.08499,16.021248
753,-0.01062417,8.0053121,256.08488,16.02122
754,-0.01061008,8.005305,256.08477,16.021192
755,-0.010596026,8.005298,256.08466,16.021164
756,-0.010582011,8.005291,256.08454,16.021136
757,-0.010568032,8.005284,256.08443,16.021108
758,-0.01055409,8.005277,256.08432,16.02108
759,-0.010540184,8.0052701,256.08421,16.021053
760,-0.010526316,8.0052632,256.0841,16.021025
761,-0.010512484,8.0052562,256.08399,16.020997
762,-0.010498688,8.0052493,256.08388,16.02097
763,-0.010484928,8.0052425,256.08377,16.020942
764,-0.010471204,8.0052356,256.08366,16.020915
765,-0.010457516,8.0052288,256.08355,16.020888
766,-0.010443864,8.0052219,256.08344,16.02086
767,-0.010430248,8.0052151,256.08333,16.020833
768,-0.010416667,8.0052083,256.08322,16.020806
769,-0.010403121,8.0052016,256.08312,16.020779
770,-0.01038961,8.0051948,256.08301,16.020752
771,-0.010376135,8.0051881,256.0829,16.020725
772,-0.010362694,8.0051813,256.08279,16.020699
773,-0.010349288,8.0051746,256.08269,16.020672
774,-0.010335917,8.005168,256.08258,16.020645
775,-0.010322581,8.0051613,256.08247,16.020619
776,-0.010309278,8.0051546,256.08237,16.020592
777,-0.01029601,8.005148,256.08226,16.020566
778,-0.010282776,8.0051414,256.08216,16.020539
779,-0.010269576,8.0051348,256.08205,16.020513
780,-0.01025641,8.0051282,256.08195,16.020487
781,-0.010243278,8.0051216,256.08184,16.02046
782,-0.010230179,8.0051151,256.08174,16.020434
783,-0.010217114,8.0051086,256.08163,16.020408
784,-0.010204082,8.005102,256.08153,16.020382
785,-0.010191083,8.0050955,256.08142,16.020356
786,-0.010178117,8.0050891,256.08132,16.02033
787,-0.010165184,8.0050826,256.08122,16.020305
788,-0.010152284,8.0050761,256.08112,16.020279
789,-0.010139417,8.0050697,256.08101,16.020253
790,-0.010126582,8.0050633,256.08091,16.020228
791,-0.01011378,8.0050569,256.08081,16.020202
792,-0.01010101,8.0050505,256.08071,16.020177
793,-0.010088272,8.0050441,256.0806,16.020151
794,-0.010075567,8.0050378,256.0805,16.020126
795,-0.010062893,8.0050314,256.0804,16.0201
796,-0.010050251,8.0050251,256.0803,16.020075
797,-0.010037641,8.0050188,256.0802,16.02005
798,-0.010025063,8.0050125,256.0801,16.020025
799,-0.010012516,8.0050063,256.08,16.02
800,-0.01,8.005,256.0799,16.019975
801,-0.0099875156,8.0049938,256.0798,16.01995
802,-0.0099750623,8.0049875,256.0797,16.019925
803,-0.0099626401,8.0049813,256.0796,16.0199
804,-0.0099502488,8.0049751,256.0795,16.019876
805,-0.0099378882,8.0049689,256.0794,16.019851
806,-0.0099255583,8.0049628,256.07931,16.019826
807,-0.009913259,8.0049566,256.07921,16.019802
808,-0.0099009901,8.0049505,256.07911,16.019777
809,-0.0098887515,8.0049444,256.07901,16.019753
810,-0.0098765432,8.0049383,256.07891,16.019729
811,-0.009864365,8.0049322,256.07882,16.019704
812,-0.0098522167,8.0049261,256.07872,16.01968
813,-0.0098400984,8.00492,256.07862,16.019656
814,-0.0098280098,8.004914,256.07853,16.019632
815,-0.0098159509,8.004908,256.07843,16.019608
816,-0.0098039216,8.004902,256.07834,16.019584
817,-0.0097919217,8.004896,256.07824,16.01956
818,-0.0097799511,8.00489,256.07814,16.019536
819,-0.0097680098,8.004884,256.07805,16.019512
820,-0.0097560976,8.004878,256.07795,16.019488
821,-0.0097442144,8.0048721,256.07786,16.019465
822,-0.0097323601,8.0048662,256.07776,16.019441
823,-0.0097205346,8.0048603,256.07767,16.019417
824,-0.0097087379,8.0048544,256.07758,16.019394
825,-0.0096969697,8.0048485,256.07748,16.01937
826,-0.00968523,8.0048426,256.07739,16.019347
827,-0.0096735187,8.0048368,256.07729,16.019324
828,-0.0096618357,8.0048309,256.0772,16.0193
829,-0.0096501809,8.0048251,256.07711,16.019277
830,-0.0096385542,8.0048193,256.07702,16.019254
831,-0.0096269555,8.0048135,256.07692,16.019231
832,-0.0096153846,8.0048077,256.07683,16.019208
833,-0.0096038415,8.0048019,256.07674,16.019185
834,-0.0095923261,8.0047962,256.07665,16.019162
835,-0.0095808383,8.0047904,256.07655,16.019139
836,-0.009569378,8.0047847,256.07646,16.019116
837,-0.009557945,8.004779,256.07637,16.019093
838,-0.0095465394,8.0047733,256.07628,16.01907
839,-0.0095351609,8.0047676,256.07619,16.019048
840,-0.0095238095,8.0047619,256.0761,16.019025
841,-0.0095124851,8.0047562,256.07601,16.019002
842,-0.0095011876,8.0047506,256.07592,16.01898
843,-0.009489917,8.004745,256.07583,16.018957
844,-0.009478673,8.0047393,256.07574,16.018935
845,-0.0094674556,8.0047337,256.07565,16.018913
846,-0.0094562648,8.0047281,256.07556,16.01889
847,-0.0094451004,8.0047226,256.07547,16.018868
848,-0.0094339623,8.004717,256.07538,16.018846
849,-0.0094228504,8.0047114,256.07529,16.018824
850,-0.0094117647,8.0047059,256.07521,16.018801
851,-0.0094007051,8.0047004,256.07512,16.018779
852,-0.0093896714,8.0046948,256.07503,16.018757
853,-0.0093786635,8.0046893,256.07494,16.018735
854,-0.0093676815,8.0046838,256.07485,16.018713
855,-0.0093567251,8.0046784,256.07477,16.018692
856,-0.0093457944,8.0046729,256.07468,16.01867
857,-0.0093348891,8.0046674,256.07459,16.018648
858,-0.0093240093,8.004662,256.07451,16.018626
859,-0.0093131548,8.0046566,256.07442,16.018605
860,-0.0093023256,8.0046512,256.07433,16.018583
861,-0.0092915215,8.0046458,256.07425,16.018561
862,-0.0092807425,8.0046404,256.07416,16.01854
863,-0.0092699884,8.004635,256.07407,16.018518
864,-0.0092592593,8.0046296,256.07399,16.018497
865,-0.0092485549,8.0046243,256.0739,16.018476
866,-0.0092378753,8.0046189,256.07382,16.018454
867,-0.0092272203,8.0046136,256.07373,16.018433
868,-0.0092165899,8.0046083,256.07365,16.018412
869,-0.0092059839,8.004603,256.07356,16.018391
870,-0.0091954023,8.0045977,256.07348,16.01837
871,-0.009184845,8.0045924,256.07339,16.018349
872,-0.0091743119,8.0045872,256.07331,16.018328
873,-0.009163803,8.0045819,256.07323,16.018307
874,-0.0091533181,8.0045767,256.07314,16.018286
875,-0.0091428571,8.0045714,256.07306,16.018265
876,-0.0091324201,8.0045662,256.07298,16.018244
877,-0.0091220068,8.004561,256.07289,16.018223
878,-0.0091116173,8.0045558,256.07281,16.018202
879,-0.0091012514,8.0045506,256.07273,16.018182
880,-0.0090909091,8.0045455,256.07264,16.018161
881,-0.0090805902,8.0045403,256.07256,16.018141
882,-0.0090702948,8.0045351,256.07248,16.01812
883,-0.0090600227,8.00453,256.0724,16.0181
884,-0.0090497738,8.0045249,256.07232,16.018079
885,-0.009039548,8.0045198,256.07223,16.018059
886,-0.0090293454,8.0045147,256.07215,16.018038
887,-0.0090191657,8.0045096,256.07207,16.018018
888,-0.009009009,8.0045045,256.07199,16.017998
889,-0.0089988751,8.0044994,256.07191,16.017978
890,-0.008988764,8.0044944,256.07183,16.017957
891,-0.0089786756,8.0044893,256.07175,16.017937
892,-0.0089686099,8.0044843,256.07167,16.017917
893,-0.0089585666,8.0044793,256.07159,16.017897
894,-0.0089485459,8.0044743,256.07151,16.017877
895,-0.0089385475,8.0044693,256.07143,16.017857
896,-0.0089285714,8.0044643,256.07135,16.017837
897,-0.0089186176,8.0044593,256.07127,16.017817
898,-0.008908686,8.0044543,256.07119,16.017798
899,-0.0088987764,8.0044494,256.07111,16.017778
900,-0.0088888889,8.0044444,256.07103,16.017758
901,-0.0088790233,8.0044395,256.07095,16.017738
902,-0.0088691796,8.0044346,256.07087,16.017719
903,-0.0088593577,8.0044297,256.0708,16.017699
904,-0.0088495575,8.0044248,256.07072,16.01768
905,-0.008839779,8.0044199,256.07064,16.01766
906,-0.0088300221,8.004415,256.07056,16.017641
907,-0.0088202867,8.0044101,256.07048,16.017621
908,-0.0088105727,8.0044053,256.07041,16.017602
909,-0.0088008801,8.0044004,256.07033,16.017582
910,-0.0087912088,8.0043956,256.07025,16.017563
911,-0.0087815587,8.0043908,256.07018,16.017544
912,-0.0087719298,8.004386,256.0701,16.017525
913,-0.008762322,8.0043812,256.07002,16.017505
914,-0.0087527352,8.0043764,256.06995,16.017486
915,-0.0087431694,8.0043716,256.06987,16.017467
916,-0.0087336245,8.0043668,256.06979,16.017448
917,-0.0087241003,8.0043621,256.06972,16.017429
918,-0.0087145969,8.0043573,256.06964,16.01741
919,-0.0087051143,8.0043526,256.06957,16.017391
920,-0.0086956522,8.0043478,256.06949,16.017372
921,-0.0086862106,8.0043431,256.06941,16.017354
922,-0.0086767896,8.0043384,256.06934,16.017335
923,-0.0086673889,8.0043337,256.06926,16.017316
924,-0.0086580087,8.004329,256.06919,16.017297
925,-0.0086486486,8.0043243,256.06911,16.017279
926,-0.0086393089,8.0043197,256.06904,16.01726
927,-0.0086299892,8.004315,256.06897,16.017241
928,-0.0086206897,8.0043103,256.06889,16.017223
929,-0.0086114101,8.0043057,256.06882,16.017204
930,-0.0086021505,8.0043011,256.06874,16.017186
931,-0.0085929108,8.0042965,256.06867,16.017167
932,-0.008583691,8.0042918,256.0686,16.017149
933,-0.0085744909,8.0042872,256.06852,16.017131
934,-0.0085653105,8.0042827,256.06845,16.017112
935,-0.0085561497,8.0042781,256.06838,16.017094
936,-0.0085470085,8.0042735,256.0683,16.017076
937,-0.0085378869,8.0042689,256.06823,16.017058
938,-0.0085287846,8.0042644,256.06816,16.017039
939,-0.0085197018,8.0042599,256.06809,16.017021
940,-0.0085106383,8.0042553,256.06801,16.017003
941,-0.008501594,8.0042508,256.06794,16.016985
942,-0.008492569,8.0042463,256.06787,16.016967
943,-0.0084835631,8.0042418,256.0678,16.016949
944,-0.0084745763,8.0042373,256.06772,16.016931
945,-0.0084656085,8.0042328,256.06765,16.016913
946,-0.0084566596,8.0042283,256.06758,16.016895
947,-0.0084477297,8.0042239,256.06751,16.016878
948,-0.0084388186,8.0042194,256.06744,16.01686
949,-0.0084299262,8.004215,256.06737,16.016842
950,-0.0084210526,8.0042105,256.0673,16.016824
951,-0.0084121977,8.0042061,256.06723,16.016807
952,-0.0084033613,8.0042017,256.06716,16.016789
953,-0.0083945435,8.0041973,256.06709,16.016771
954,-0.0083857442,8.0041929,256.06702,16.016754
955,-0.0083769634,8.0041885,256.06695,16.016736
956,-0.0083682008,8.0041841,256.06688,16.016719
957,-0.0083594566,8.0041797,256.06681,16.016701
958,-0.0083507307,8.0041754,256.06674,16.016684
959,-0.0083420229,8.004171,256.06667,16.016667
960,-0.0083333333,8.0041667,256.0666,16.016649
961,-0.0083246618,8.0041623,256.06653,16.016632
962,-0.0083160083,8.004158,256.06646,16.016615
963,-0.0083073728,8.0041537,256.06639,16.016597
964,-0.0082987552,8.0041494,256.06632,16.01658
965,-0.0082901554,8.0041451,256.06625,16.016563
966,-0.0082815735,8.0041408,256.06618,16.016546
967,-0.0082730093,8.0041365,256.06612,16.016529
968,-0.0082644628,8.0041322,256.06605,16.016512
969,-0.008255934,8.004128,256.06598,16.016495
970,-0.0082474227,8.0041237,256.06591,16.016478
971,-0.0082389289,8.0041195,256.06584,16.016461
972,-0.0082304527,8.0041152,256.06578,16.016444
973,-0.0082219938,8.004111,256.06571,16.016427
974,-0.0082135524,8.0041068,256.06564,16.01641
975,-0.0082051282,8.0041026,256.06557,16.016393
976,-0.0081967213,8.0040984,256.06551,16.016377
977,-0.0081883316,8.0040942,256.06544,16.01636
978,-0.0081799591,8.00409,256.06537,16.016343
979,-0.0081716037,8.0040858,256.06531,16.016327
980,-0.0081632653,8.0040816,256.06524,16.01631
981,-0.0081549439,8.0040775,256.06517,16.016293
982,-0.0081466395,8.0040733,256.06511,16.016277
983,-0.008138352,8.0040692,256.06504,16.01626
984,-0.0081300813,8.004065,256.06497,16.016244
985,-0.0081218274,8.0040609,256.06491,16.016227
986,-0.0081135903,8.0040568,256.06484,16.016211
987,-0.0081053698,8.0040527,256.06478,16.016194
988,-0.008097166,8.0040486,256.06471,16.016178
989,-0.0080889788,8.0040445,256.06465,16.016162
990,-0.0080808081,8.0040404,256.06458,16.016145
991,-0.0080726539,8.0040363,256.06452,16.016129
992,-0.0080645161,8.0040323,256.06445,16.016113
993,-0.0080563948,8.0040282,256.06439,16.016097
994,-0.0080482897,8.0040241,256.06432,16.01608
995,-0.008040201,8.0040201,256.06426,16.016064
996,-0.0080321285,8.0040161,256.06419,16.016048
997,-0.0080240722,8.004012,256.06413,16.016032
998,-0.0080160321,8.004008,256.06406,16.016016
999,-0.008008008,8.004004,256.064,16.016
1000,-0.008,8.004,256.06394,16.015984
